<?xml version="1.0" encoding="UTF-8"?>
<beans:beans xmlns="http://www.springframework.org/schema/mvc"
	xmlns:xsi="http://www.w3.org/2001/XMLSchema-instance"
	xmlns:beans="http://www.springframework.org/schema/beans"
	xmlns:context="http://www.springframework.org/schema/context"
	xmlns:tx="http://www.springframework.org/schema/tx"
	xsi:schemaLocation="http://www.springframework.org/schema/mvc https://www.springframework.org/schema/mvc/spring-mvc.xsd
		http://www.springframework.org/schema/beans https://www.springframework.org/schema/beans/spring-beans.xsd
		http://www.springframework.org/schema/context https://www.springframework.org/schema/context/spring-context.xsd
		http://www.springframework.org/schema/tx http://www.springframework.org/schema/tx/spring-tx-4.3.xsd">
	<!-- DispatcherServlet 관련 설정 모음 -->
	
	<!-- 트랜잭션 기능 사용을 위한 설정태그 추가 -->
	<tx:annotation-driven transaction-manager="txManager"/>
	
	<!-- 아노테이션 문법을 통한 객체 등록을 해주는 태그 -->
	<annotation-driven />

	<!-- 정적자원(image,css,html)들을 파일경로 주소대신에 URI경로로 사용할 수 있게 해주는 태그 -->
	<resources mapping="/resources/**" location="/resources/" />
	<resources mapping="/vendor/**" location="/resources/vendor/" />

	<!-- 화면 처리를 위한 ViewResolver빈 등록 설정 -->
	<beans:bean class="org.springframework.web.servlet.view.InternalResourceViewResolver">
		<beans:property name="prefix" value="/WEB-INF/views/" />
		<beans:property name="suffix" value=".jsp" />
	</beans:bean>
	
	
	
		<!-- 파일업로드 관린 빈 등록 -->
	<beans:bean id="multipartResolver" class="org.springframework.web.multipart.commons.CommonsMultipartResolver">
        <beans:property name="maxUploadSize" value="10485760"></beans:property>
    </beans:bean>
    
    <!-- 업로드 파일 저장 경로 빈 등록 -->
    <beans:bean id="uploadPath" class="java.lang.String">
    	<beans:constructor-arg value="C:\springclass\SpringWorkSpacae\book\src\main\webapp\resources\upload" />
    </beans:bean>
    
	
	<!-- 스프링이 관리하는 객체들을 스캔할 루트 패키지 경로 설정 -->
	<context:component-scan base-package="com.spring.book" />
	
	
	
</beans:beans>
